Campańa;Canal;Total Cargado;Recorrido;Contactado;Intentos;Vuelta;% Recorrido;% Contactabilidad;mes;ańo
LLxMxDxRxz_xzPxCxxL;Gzz BxRRxNQxxLLx;136581;202930;45494;2138929;10,54;1;0,22418568;1;2024
LLxMxDxRxz_L1;Gzz BxRRxNQxxLLx;347150;380492;140680;1997925;5,25;1;0,369731821;1;2024
LLxMxDxRxz_L2;Gzz BxRRxNQxxLLx;131028;128374;55320;1559399;12,15;0,979744787;0,430928381;1;2024
LLxMxDxRxz_L3_xNTxL;Gzz BxRRxNQxxLLx;151514;150825;82214;1237084;8,2;0,995452565;0,545095309;1;2024
LLxMxDxRxz_L4;Gzz BxRRxNQxxLLx;119491;119569;45250;2126018;17,78;1;0,378442573;1;2024
LLxMxDxRxz_L5_xNTxL;Gzz BxRRxNQxxLLx;67497;67534;51933;775140;11,48;1;0,768990434;1;2024
LLxMxDxRxz_L6_xNTxL;Gzz BxRRxNQxxLLx;134721;134738;92998;1593960;11,83;1;0,6902136;1;2024
LLxMxDxRxz_xzPxCxxL;Txxndx Gzz Tvt Cxlxmbxx;121717;238755;50256;735110;3,08;1;0,210491927;1;2024
LLxMxDxRxz_L1;Txxndx Gzz Tvt Cxlxmbxx;458059;519788;219081;3744064;7,2;1;0,42148145;1;2024
LLxMxDxRxz_L2;Txxndx Gzz Tvt Cxlxmbxx;255277;248159;99928;1853982;7,47;0,972116564;0,402677316;1;2024
LLxMxDxRxz_L3_xNTxL;Txxndx Gzz Tvt Cxlxmbxx;172149;171749;108188;1104879;6,43;0,997676431;0,629919243;1;2024
LLxMxDxRxz_L4;Txxndx Gzz Tvt Cxlxmbxx;203133;203300;72250;2037488;10,02;1;0,355386129;1;2024
LLxMxDxRxz_L5_xNTxL;Txxndx Gzz Tvt Cxlxmbxx;114744;114810;78753;780919;6,8;1;0,685941991;1;2024
LLxMxDxRxz_L6_xNTxL;Txxndx Gzz Tvt Cxlxmbxx;229027;229130;128880;1250817;5,46;1;0,562475451;1;2024
LLxMxDxRxz_xzPxCxxL;Gzz BxRRxNQxxLLx;497558;456497;100578;3970440;8,7;0,917474948;0,220325654;2;2024
LLxMxDxRxz_L1;Gzz BxRRxNQxxLLx;131220;119530;7552;1082765;9,06;0,910912971;0,063180791;2;2024
LLxMxDxRxz_L2;Gzz BxRRxNQxxLLx;89181;89253;42710;2351535;26,35;1;0,478527332;2;2024
LLxMxDxRxz_L3_xNTxL;Gzz BxRRxNQxxLLx;84323;84406;50855;908318;10,76;1;0,602504561;2;2024
LLxMxDxRxz_L4;Gzz BxRRxNQxxLLx;136405;136441;48163;1116257;8,18;1;0,352995067;2;2024
LLxMxDxRxz_L5_xNTxL;Gzz BxRRxNQxxLLx;69951;69984;38088;490014;7;1;0,544238683;2;2024
LLxMxDxRxz_L6_xNTxL;Gzz BxRRxNQxxLLx;136136;136184;77943;902646;6,63;1;0,572335957;2;2024
LLxMxDxRxz_xzPxCxxL;Txxndx Gzz Tvt Cxlxmbxx;640481;641079;164398;4437620;6,92;1;0,256439534;2;2024
LLxMxDxRxz_L1;Txxndx Gzz Tvt Cxlxmbxx;161128;161159;14920;1266778;7,86;1;0,092579378;2;2024
LLxMxDxRxz_L2;Txxndx Gzz Tvt Cxlxmbxx;133772;133972;52496;1223574;9,13;1;0,391843072;2;2024
LLxMxDxRxz_L3_xNTxL;Txxndx Gzz Tvt Cxlxmbxx;126484;126660;49556;394105;3,11;1;0,391252171;2;2024
LLxMxDxRxz_L4;Txxndx Gzz Tvt Cxlxmbxx;204606;204903;61420;1057239;5,16;1;0,29975159;2;2024
LLxMxDxRxz_L5_xNTxL;Txxndx Gzz Tvt Cxlxmbxx;104926;105033;58678;724158;6,89;1;0,558662516;2;2024
LLxMxDxRxz_L6_xNTxL;Txxndx Gzz Tvt Cxlxmbxx;204203;204413;120665;1358131;6,64;1;0,59030003;2;2024
LLxMxDxRxz_L1;Gzz BxRRxNQxxLLx;237321;233214;121304;1240245;5,32;0,982694325;0,5201403;3;2024
LLxMxDxRxz_L2;Gzz BxRRxNQxxLLx;188397;168947;55999;450214;2,66;0,896760564;0,331458978;3;2024
LLxMxDxRxz_L3_xNTxL;Gzz BxRRxNQxxLLx;107218;101626;37298;306286;3,01;0,947844578;0,367012379;3;2024
LLxMxDxRxz_L4;Gzz BxRRxNQxxLLx;318114;259248;46923;572317;2,21;0,81495313;0,180996575;3;2024
LLxMxDxRxz_RxC;Gzz BxRRxNQxxLLx;173777;83584;35097;105775;1,27;0,48098425;0,419900938;3;2024
LLxMxDxRxz_L1;Txxndx Gzz Tvt Cxlxmbxx;402373;403213;265223;4933856;12,24;1;0,657773931;3;2024
LLxMxDxRxz_L2;Txxndx Gzz Tvt Cxlxmbxx;159413;159869;110020;2515949;15,74;1;0,688188454;3;2024
LLxMxDxRxz_L3_xNTxL;Txxndx Gzz Tvt Cxlxmbxx;90724;88638;67094;1234057;13,92;0,977007187;0,756943974;3;2024
LLxMxDxRxz_L4;Txxndx Gzz Tvt Cxlxmbxx;269173;269793;132796;2362936;8,76;1;0,492214401;3;2024
LLxMxDxRxz_RxC;Txxndx Gzz Tvt Cxlxmbxx;173776;155814;88212;347215;2,23;0,89663705;0,566136547;3;2024
LLxMxDxRxz_L1;Gzz BxRRxNQxxLLx;332694;326285;97153;1659440;5,09;0,980736052;0,29775503;4;2024
LLxMxDxRxz_L2;Gzz BxRRxNQxxLLx;65459;65300;31547;318407;4,88;0,997570999;0,483108729;4;2024
LLxMxDxRxz_L3_xNTxL;Gzz BxRRxNQxxLLx;42518;40684;16905;103370;2,54;0,956865328;0,415519615;4;2024
LLxMxDxRxz_L4;Gzz BxRRxNQxxLLx;104753;68492;18031;130273;1,9;0,653842849;0,263257023;4;2024
LLxMxDxRxz_L1;Txxndx Gzz Tvt Cxlxmbxx;366937;367523;235537;3654624;9,94;1;0,640876898;4;2024
LLxMxDxRxz_L2;Txxndx Gzz Tvt Cxlxmbxx;130918;149214;84071;1432828;9,6;1;0,563425684;4;2024
LLxMxDxRxz_L3_xNTxL;Txxndx Gzz Tvt Cxlxmbxx;85036;85186;56745;934111;10,97;1;0,666130585;4;2024
LLxMxDxRxz_L4;Txxndx Gzz Tvt Cxlxmbxx;209507;334831;155468;2042366;6,1;1;0,46431782;4;2024
LLxMxDxRxz_L1;Gzz BxRRxNQxxLLx;233344;271279;77162;1217825;4,49;1;0,284437793;5;2024
LLxMxDxRxz_L2;Gzz BxRRxNQxxLLx;104471;112812;63511;560040;4,96;1;0,562980889;5;2024
LLxMxDxRxz_L3_xNTxL;Gzz BxRRxNQxxLLx;42638;53742;31185;386771;7,2;1;0,580272413;5;2024
LLxMxDxRxz_L4;Gzz BxRRxNQxxLLx;80584;86409;28152;305283;3,53;1;0,325799396;5;2024
CRxzz_RxC;Txxndx Gzz Tvt Cxlxmbxx;226594;62360;9530;81166;1,3;0,275205875;0,152822322;5;2024
Crxzz_Cxnzxmxr;Txxndx Gzz Tvt Cxlxmbxx;40000;39850;29115;241681;6,06;0,99625;0,730614806;5;2024
LLxMxDxRxz_L1;Txxndx Gzz Tvt Cxlxmbxx;409873;527808;247100;5774749;10,94;1;0,468162665;5;2024
LLxMxDxRxz_L2;Txxndx Gzz Tvt Cxlxmbxx;315870;361903;219218;3439173;9,5;1;0,605736896;5;2024
LLxMxDxRxz_L3_xNTxL;Txxndx Gzz Tvt Cxlxmbxx;85275;146612;73514;995407;6,79;1;0,501418711;5;2024
LLxMxDxRxz_L4;Txxndx Gzz Tvt Cxlxmbxx;290097;326224;135537;3664313;11,23;1;0,415472191;5;2024
LLxMxDxRxz_L1;Gzz BxRRxNQxxLLx;111029;115931;24660;149680;1,29;1;0,212712734;6;2024
LLxMxDxRxz_L2;Gzz BxRRxNQxxLLx;158454;22552;893;28281;1,25;0,142325217;0,039597375;6;2024
LLxMxDxRxz_L3_xNTxL;Gzz BxRRxNQxxLLx;53349;38480;10778;45780;1,19;0,721288122;0,280093555;6;2024
LLxMxDxRxz_L4;Gzz BxRRxNQxxLLx;38047;29052;3003;32911;1,13;0,763581886;0,103366378;6;2024
LLxMxDxRxz_RxC;Gzz BxRRxNQxxLLx;396208;30017;673;36954;1,23;0,075760712;0,022420628;6;2024
Crxzz_Cxnzxmxr;Txxndx Gzz Tvt Cxlxmbxx;45439;45217;18459;110197;2,44;0,995114329;0,408231417;6;2024
LLxMxDxRxz_L1;Txxndx Gzz Tvt Cxlxmbxx;477010;567265;367408;5578178;9,83;1;0,647683182;6;2024
LLxMxDxRxz_L2;Txxndx Gzz Tvt Cxlxmbxx;628577;621783;348317;5133976;8,26;0,989191459;0,560190613;6;2024
LLxMxDxRxz_L3_xNTxL;Txxndx Gzz Tvt Cxlxmbxx;230494;258673;175027;2198857;8,5;1;0,676634206;6;2024
LLxMxDxRxz_L4;Txxndx Gzz Tvt Cxlxmbxx;110532;110979;42641;748550;6,74;1;0,384225845;6;2024
WxNBxCK_RxC;Txxndx Gzz Tvt Cxlxmbxx;81506;80358;5417;612519;7,62;0,985915147;0,067410837;6;2024
Crxzz_Cxnzxmxr;Txxndx Gzz Tvt Cxlxmbxx;43298;43286;33248;326437;7,54;0,999722851;0,768100541;7;2024
LLxMxDxRxz_1M;Txxndx Gzz Tvt Cxlxmbxx;109485;109586;70189;1742589;15,9;1;0,640492399;7;2024
LLxMxDxRxz_L1;Txxndx Gzz Tvt Cxlxmbxx;440672;440819;240499;5460911;12,39;1;0,545573126;7;2024
LLxMxDxRxz_L2;Txxndx Gzz Tvt Cxlxmbxx;668882;911280;423432;8251280;9,05;1;0,464656308;7;2024
LLxMxDxRxz_L3_xNTxL;Txxndx Gzz Tvt Cxlxmbxx;106441;106618;72257;1771787;16,62;1;0,677718584;7;2024
LLxMxDxRxz_L4;Txxndx Gzz Tvt Cxlxmbxx;62405;62568;29569;1425243;22,78;1;0,472589822;7;2024
CRxzz_FxBRx;Txxndx Gzz Tvt Cxlxmbxx;478;478;132;3476;7,271966527;1;0,276150628;8;2024
Crxzz_Cxnzxmxr;Txxndx Gzz Tvt Cxlxmbxx;57119;57119;31348;244775;4,285351634;1;0,548819132;8;2024
LLxMxDxRxz_1M;Txxndx Gzz Tvt Cxlxmbxx;226;226;124;836;3,699115044;1;0,548672566;8;2024
LLxMxDxRxz_xCTxVxDxD;Txxndx Gzz Tvt Cxlxmbxx;221;221;99;2491;11,27149321;1;0,447963801;8;2024
LLxMxDxRxz_L1;Txxndx Gzz Tvt Cxlxmbxx;603006;603006;313142;6364291;10,55427475;1;0,519301632;8;2024
LLxMxDxRxz_L2;Txxndx Gzz Tvt Cxlxmbxx;876163;876163;442483;6110103;6,973705806;1;0,505023609;8;2024
LLxMxDxRxz_L3_xNTxL;Txxndx Gzz Tvt Cxlxmbxx;183313;183313;116875;1515769;8,268747988;1;0,637570712;8;2024
LLxMxDxRxz_L4;Txxndx Gzz Tvt Cxlxmbxx;170754;170754;77544;1526073;8,937260621;1;0,45412699;8;2024
WxNBxCK_CLxRx;Txxndx Gzz Tvt Cxlxmbxx;108;108;78;433;4,009259259;1;0,722222222;8;2024
LLxMxDxRxz_L1;Txxndx Gzz Tvt Cxlxmbxx;587797;569473;318675;8427440;14,79866473;0,968825972;0,559596329;9;2024
LLxMxDxRxz_L2;Txxndx Gzz Tvt Cxlxmbxx;417848;212691;126905;2406901;11,31642148;0,50901524;0,596663705;9;2024
LLxMxDxRxz_L3_xNTxL;Txxndx Gzz Tvt Cxlxmbxx;186772;186772;114268;2645610;14,16491765;1;0,611804767;9;2024
LLxMxDxRxz_L4;Txxndx Gzz Tvt Cxlxmbxx;411980;411980;236203;5064868;12,29396573;1;0,573336084;9;2024
LLxMxDxRxz_PRxMxCxxN;Txxndx Gzz Tvt Cxlxmbxx;396148;396148;212495;1087278;2,744625746;1;0,536403061;9;2024
LLxMxDxRxz_RxPRxCxzx;Txxndx Gzz Tvt Cxlxmbxx;868734;680355;168936;895776;1,316630289;0,78315687;0,248305664;9;2024
LLxMxDxRxz_L1;Txxndx Gzz Tvt Cxlxmbxx;1130508;1130508;620611;15794526;13,97117579;1;0,548966482;10;2024
LLxMxDxRxz_L2;Txxndx Gzz Tvt Cxlxmbxx;428717;291990;141757;3296830;11,29090037;0,68107866;0,485485804;10;2024
LLxMxDxRxz_L3_xNTxL;Txxndx Gzz Tvt Cxlxmbxx;238990;238990;120067;2668240;11,16465124;1;0,502393406;10;2024
LLxMxDxRxz_L4;Txxndx Gzz Tvt Cxlxmbxx;351113;351113;149225;4410405;12,56121249;1;0,425005625;10;2024
FxBRx_CxMxNx_C1;Gzz CxLxMBxx;199999;198821;98103;1021725;5.138.918.927;0,994109971;0,493423733;1;2025
FxBRx_xXxCTx_x1;Gzz CxLxMBxx;10999;11001;6380;74071;6.733.115.171;1000181835;0,579947278;1;2025
FxBRx_LxGxzTxCx;Gzz CxLxMBxx;2965;2965;1335;10632;3.585.834.739;-;0,450252951;1;2025
LLxMxDxRxz_L1;Txxndx Gzz Tvt Cxlxmbxx;590472;1044148;488583;10602974;10.154.665.814;1768327711;0,467925045;1;2025
LLxMxDxRxz_L2;Txxndx Gzz Tvt Cxlxmbxx;509430;602565;281641;4840196;8.032.653.739;1182821978;0,467403517;1;2025
LLxMxDxRxz_L3_xNTxL;Txxndx Gzz Tvt Cxlxmbxx;113697;733388;411533;7009985;9.558.357.922;6450372481;0,561139533;1;2025
LLxMxDxRxz_L4;Txxndx Gzz Tvt Cxlxmbxx;1252568;1252568;564770;10060075;8.031.559.963;-;0,450889692;1;2025
FxBRx_CxMxNx_C1;Gzz CxLxMBxx;182348;182348;73326;706842;3.876.335.359;1;0,402121219;2;2025
FxBRx_CxMxNx_C2;Gzz CxLxMBxx;117549;117549;31993;580285;4.936.537.104;1;0,272167351;2;2025
FxBRx_xXxCTx_x1;Gzz CxLxMBxx;12178;12178;6009;93632;7.688.618.821;1;0,493430777;2;2025
FxBRx_LxGxzTxCx;Gzz CxLxMBxx;5000;4981;2818;32605;6.545.874.322;0,9962;0,565749849;2;2025
LLxMxDxRxz_L1;Txxndx Gzz Tvt Cxlxmbxx;542221;832985;426190;5127824;6.155.961.992;1536246291;0,511641866;2;2025
LLxMxDxRxz_L2;Txxndx Gzz Tvt Cxlxmbxx;513351;551966;263856;3268155;5.920.935.347;1075221437;0,478029444;2;2025
LLxMxDxRxz_L3_xNTxL;Txxndx Gzz Tvt Cxlxmbxx;113372;600821;330403;3651410;6.077.367.469;5299553682;0,549919194;2;2025
LLxMxDxRxz_L4;Txxndx Gzz Tvt Cxlxmbxx;1002252;1002252;485886;6156950;6.143.115.703;-;0,484794243;2;2025
FxBRx_CxMxNx_C1;Gzz CxLxMBxx;190178;190178;75924;746845;39.270.841;1;0,399225988;3;2025
FxBRx_xXxCTx_x1;Gzz CxLxMBxx;10213;10213;5986;75636;7.405.855.282;1;0,586115735;3;2025
FxBRx_LxGxzTxCx;Gzz CxLxMBxx;3000;2997;1841;26978;9.001.668.335;0,999;0,614280948;3;2025
WxNBxCK_FxBRx;Gzz CxLxMBxx;587;587;376;2613;4.451.448.041;1;0,640545145;3;2025
LLxMxDxRxz_L1;Txxndx Gzz Tvt Cxlxmbxx;1153105;1153105;409206;5389082;4.673.539.704;1;0,354873147;3;2025
LLxMxDxRxz_L2;Txxndx Gzz Tvt Cxlxmbxx;462457;462457;169404;2066934;4.469.462.026;1;0,366312976;3;2025
LLxMxDxRxz_L3_xNTxL;Txxndx Gzz Tvt Cxlxmbxx;749543;749543;343086;3436049;4.584.191.968;1;0,457726908;3;2025
LLxMxDxRxz_L4;Txxndx Gzz Tvt Cxlxmbxx;933974;933974;337001;4073540;4.361.513.276;1;0,36082482;3;2025
LLxMxDxRxz_MxNDx;Txxndx Gzz Tvt Cxlxmbxx;32816;32816;19701;192792;5.874.939.054;1;0,600347392;3;2025
LLxMxDxRxz_PxLxTx_Mxz_PRxPxRCxxNxL;Txxndx Gzz Tvt Cxlxmbxx;135760;122670;58360;480459;3.916.678.895;0,903579847;0,475747942;3;2025
WxNBxCK_xDxLTxMxYxR;Txxndx Gzz Tvt Cxlxmbxx;8602;8602;3362;17106;1.988.607.301;1;0,39083934;3;2025
WxNBxCK_CxNzxMxR;Txxndx Gzz Tvt Cxlxmbxx;62417;62417;21072;309189;4.953.602.384;1;0,337600333;3;2025
WxNBxCK_DxxDxRxz;Txxndx Gzz Tvt Cxlxmbxx;88187;88187;20977;318035;3.606.370.553;1;0,237869527;3;2025
WxNBxCK_xNTxL;Txxndx Gzz Tvt Cxlxmbxx;29025;29025;6942;75804;2.611.679.587;1;0,239173127;3;2025
WxNBxCK_MxNDx;Txxndx Gzz Tvt Cxlxmbxx;4821;417;98;440;1.055.155.875;0,086496577;0,23501199;3;2025
WxNBxCK_VTR;Txxndx Gzz Tvt Cxlxmbxx;5996;5996;1334;25642;4.276.517.678;1;0,222481654;3;2025
FxBRx_CxMxNx_C1;Gzz CxLxMBxx;147919;147919;71318;618198;4.179.300.834;1;0,482142254;4;2025
FxBRx_xXxCTx_x1;Gzz CxLxMBxx;11572;10493;4558;42140;4.016.010.674;0,906757691;0,434384828;4;2025
FxBRx_LxGxzTxCx;Gzz CxLxMBxx;1824;1824;988;8352;4.578.947.368;1;0,541666667;4;2025
FxBRx_Mxz_-1;Gzz CxLxMBxx;65692;65692;22680;442346;6.733.635.755;1;0,345247519;4;2025
FxBRx_PxRT-xN;Gzz CxLxMBxx;6071;5285;2022;14486;2.740.964.995;0,870532038;0,382592242;4;2025
WxNBxCK_FxBRx;Gzz CxLxMBxx;1707;1707;371;6030;3.532.513.181;1;0,217340363;4;2025
LLxMxDxRxz_L1;Txxndx Gzz Tvt Cxlxmbxx;733870;733870;285426;2794769;3.808.261.681;1;0,388932645;4;2025
LLxMxDxRxz_L2;Txxndx Gzz Tvt Cxlxmbxx;523313;523313;201521;2247598;4.294.940.122;1;0,385086936;4;2025
LLxMxDxRxz_L3_xNTxL;Txxndx Gzz Tvt Cxlxmbxx;529134;529134;239122;1921629;3.631.649.072;1;0,451911992;4;2025
LLxMxDxRxz_L4;Txxndx Gzz Tvt Cxlxmbxx;906661;906661;373633;3901267;4.302.894.908;1;0,412097796;4;2025
LLxMxDxRxz_MxVxzTxR;Txxndx Gzz Tvt Cxlxmbxx;42298;42298;21729;159687;3.775.284.883;1;0,513712232;4;2025
LLxMxDxRxz_PxLxTx_Mxz_PRxPxRCxxNxL;Txxndx Gzz Tvt Cxlxmbxx;1;1;1;1;1;1;1;4;2025
LLxMxDxRxz_PRxMxCxxN;Txxndx Gzz Tvt Cxlxmbxx;235421;235421;122031;1162245;4.936.879.038;1;0,518352229;4;2025
LLxMxDxRxz_TxCTxCx;Txxndx Gzz Tvt Cxlxmbxx;14506;14506;3082;17822;1.228.595.064;1;0,212463808;4;2025
WxNBxCK_xDxLTxMxYxR;Txxndx Gzz Tvt Cxlxmbxx;37111;37111;10756;132357;3.566.516.666;1;0,289833203;4;2025
WxNBxCK_CLxRx;Txxndx Gzz Tvt Cxlxmbxx;14484;14484;2256;25285;1.745.719.415;1;0,155758078;4;2025
WxNBxCK_CxNzxMxR;Txxndx Gzz Tvt Cxlxmbxx;68702;68702;25882;416291;6.059.372.362;1;0,37672848;4;2025
WxNBxCK_DxxDxRxz;Txxndx Gzz Tvt Cxlxmbxx;131053;131053;34932;523168;3.992.033.757;1;0,266548648;4;2025
WxNBxCK_xNTxL;Txxndx Gzz Tvt Cxlxmbxx;27985;27985;6935;62750;2.242.272.646;1;0,247811327;4;2025
WxNBxCK_VTR;Txxndx Gzz Tvt Cxlxmbxx;6538;6538;1524;31942;4.885.591.924;1;0,233098807;4;2025
FxBRx_CxMxNx_C1;Gzz CxLxMBxx;133628;121841;44985;367583;3.016.907.281;0,911792439;0,369210693;5;2025
FxBRx_xXxCTx_x1;Gzz CxLxMBxx;37188;36367;17402;163330;4.491.159.568;0,977922986;0,478510738;5;2025
FxBRx_Mxz_-1;Gzz CxLxMBxx;25150;25150;13085;216175;8.595.427.435;1;0,52027833;5;2025
FxBRx_PxRT-xxT_MxVxL;Gzz CxLxMBxx;9836;9836;5369;57665;5.862.647.418;1;0,545851972;5;2025
LLxMxDxRxz_L1;Txxndx Gzz Tvt Cxlxmbxx;802782;802782;309406;3205922;3.993.515.051;1;0,385417212;5;2025
LLxMxDxRxz_L2;Txxndx Gzz Tvt Cxlxmbxx;602844;602844;252423;3009185;4.991.647.922;1;0,418720266;5;2025
LLxMxDxRxz_L3_xNTxL;Txxndx Gzz Tvt Cxlxmbxx;747100;747100;259817;2970204;3.975.644.492;1;0,347767367;5;2025
LLxMxDxRxz_L4;Txxndx Gzz Tvt Cxlxmbxx;1071044;1071044;450731;5443536;5.082.457.864;1;0,420833318;5;2025
WxNBxCK_xDxLTxMxYxR;Txxndx Gzz Tvt Cxlxmbxx;43385;43385;17004;198748;458.103.031;1;0,391932696;5;2025
WxNBxCK_CLxRx;Txxndx Gzz Tvt Cxlxmbxx;36418;36418;8203;164112;4.506.343.017;1;0,225245758;5;2025
WxNBxCK_CxNzxMxR;Txxndx Gzz Tvt Cxlxmbxx;10370;10370;742;58004;5.593.442.623;1;0,071552555;5;2025
WxNBxCK_DxxDxRxz;Txxndx Gzz Tvt Cxlxmbxx;51412;51412;10998;162404;3.158.873.415;1;0,213918929;5;2025
WxNBxCK_xNTxL;Txxndx Gzz Tvt Cxlxmbxx;53895;53895;17166;236380;4.385.935.616;1;0,31850821;5;2025
WxNBxCK_MxVxzTxR;Txxndx Gzz Tvt Cxlxmbxx;32475;32475;11846;121875;3.752.886.836;1;0,364772902;5;2025
WxNBxCK_VTR;Txxndx Gzz Tvt Cxlxmbxx;6936;6936;1839;45352;6.538.638.985;1;0,265138408;5;2025
FxBRx_CxMxNx_C1;Gzz CxLxMBxx;134282;134282;43281;328244;2.444.437.825;1;0,322314234;6;2025
FxBRx_xXxCTx_x1;Gzz CxLxMBxx;45884;45884;22363;223341;486.751.373;1;0,487381222;6;2025
FxBRx_LxGxzTxCx;Gzz CxLxMBxx;2155;2154;1159;11457;5.318.941.504;0,999535963;0,538068709;6;2025
FxBRx_Mxz_-1;Gzz CxLxMBxx;22150;22129;9768;127813;5.775.814.542;0,999051919;0,441411722;6;2025
FxBRx_PxRT-xxT_MxVxL;Gzz CxLxMBxx;4573;4573;2591;30852;6.746.555.871;1;0,566586486;6;2025
LLxMxDxRxz 2M GRxTxz;Txxndx Gzz Tvt Cxlxmbxx;113455;113455;61495;1299857;11.457.027.015;1;0,542021066;6;2025
LLxMxDxRxz_L1;Txxndx Gzz Tvt Cxlxmbxx;760195;760195;273707;3816821;5.020.844.652;1;0,360048409;6;2025
LLxMxDxRxz_L2;Txxndx Gzz Tvt Cxlxmbxx;571910;571910;215692;2801124;4.897.840.569;1;0,377143257;6;2025
LLxMxDxRxz_L3_xNTxL;Txxndx Gzz Tvt Cxlxmbxx;554948;554948;229541;3016562;5.435.756.143;1;0,413626142;6;2025
LLxMxDxRxz_L4;Txxndx Gzz Tvt Cxlxmbxx;1105044;1105044;428298;5587606;5.056.455.671;1;0,387584567;6;2025
LLxMxDxRxz_TxCTxCx;Txxndx Gzz Tvt Cxlxmbxx;271503;271503;152612;2137542;7.872.995.878;1;0,562100603;6;2025
WxNBxCK 2M GRxTxz;Txxndx Gzz Tvt Cxlxmbxx;67249;67249;13952;185287;2.755.237.996;1;0,207467769;6;2025
WxNBxCK 2M GRxTxz_GC;Txxndx Gzz Tvt Cxlxmbxx;486;486;113;514;1.057.613.169;1;0,232510288;6;2025
WxNBxCK_CLxRx;Txxndx Gzz Tvt Cxlxmbxx;8851;8851;2411;44703;505.061.575;1;0,272398599;6;2025
WxNBxCK_CxNzxMxR;Txxndx Gzz Tvt Cxlxmbxx;7599;7599;312;51055;671.864.719;1;0,041058034;6;2025
WxNBxCK_DxxDxRxz;Txxndx Gzz Tvt Cxlxmbxx;78370;78370;18304;268668;3.428.199.566;1;0,23355876;6;2025
WxNBxCK_xNTxL;Txxndx Gzz Tvt Cxlxmbxx;32789;32789;10038;133453;4.070.053.982;1;0,306139254;6;2025
WxNBxCK_MxVxzTxR;Txxndx Gzz Tvt Cxlxmbxx;22850;22850;7398;87961;3.849.496.718;1;0,323763676;6;2025
WxNBxCK_VTR;Txxndx Gzz Tvt Cxlxmbxx;5749;5749;1122;27139;4.720.647.069;1;0,195164376;6;2025
LLxMxDxRxz_L1;Txxndx Gzz Tvt Cxlxmbxx;843320;843320;418948;6142865;7.284.144.809;1;0,496784139;7;2025
LLxMxDxRxz_L2;Txxndx Gzz Tvt Cxlxmbxx;415377;415377;205201;2406626;579.383.548;1;0,494011464;7;2025
LLxMxDxRxz_L3_xNTxL;Txxndx Gzz Tvt Cxlxmbxx;151766;151766;64193;1049176;6.913.116.245;1;0,422973525;7;2025
LLxMxDxRxz_L4;Txxndx Gzz Tvt Cxlxmbxx;1239229;1239229;553613;7413811;5.982.599.665;1;0,446739868;7;2025
LLxMxDxRxz_MxVxzTxR;Txxndx Gzz Tvt Cxlxmbxx;239396;239396;130755;1152292;4.813.330.214;1;0,546187071;7;2025
PxLxTx_zxN_RxzTRxCCxxNxz;Txxndx Gzz Tvt Cxlxmbxx;4416;4416;2709;24128;5.463.768.116;1;0,613451087;7;2025
WxNBxCK_CLxRx;Txxndx Gzz Tvt Cxlxmbxx;42991;42991;10986;352754;8.205.298.783;1;0,255541858;7;2025
WxNBxCK_CxNzxMxR;Txxndx Gzz Tvt Cxlxmbxx;11192;11192;928;152770;1.364.992.852;1;0,082916369;7;2025
WxNBxCK_DxxDxRxz;Txxndx Gzz Tvt Cxlxmbxx;102987;102987;34627;1078588;10.473.049.997;1;0,336226902;7;2025
FxBRx_RxPRxCxzx;Gzz CxLxMBxx;24272;24272;13326;254489;10.484.879.697;1;0,549027686;7;2025
FxBRx_WxMxRz_CxMxNx;Gzz CxLxMBxx;152400;152400;67641;678850;4.454.396.325;1;0,443838583;7;2025
FxBRx_WxMxRz_xXxCTx;Gzz CxLxMBxx;59474;59474;32066;347424;584.161.146;1;0,539159969;7;2025
FxBRx_WxMxRz_LxGxzTxCx;Gzz CxLxMBxx;2396;2396;1102;8599;3.588.898.164;1;0,459933222;7;2025
FxBRx_WxMxRz_PxRTxxT;Gzz CxLxMBxx;4515;4515;2831;29842;660.952.381;1;0,627021041;7;2025
WxNBxCK_xNTxL;Txxndx Gzz Tvt Cxlxmbxx;65059;65059;22882;550021;8.454.187.737;1;0,351711523;7;2025
WxNBxCK_MxVxzTxR;Txxndx Gzz Tvt Cxlxmbxx;43706;43706;17636;299011;6.841.417.654;1;0,403514392;7;2025
WxNBxCK_VTR;Txxndx Gzz Tvt Cxlxmbxx;5607;5607;1516;74218;1.323.666.845;1;0,270376315;7;2025
LLxMxDxRxz_xXPxRxxN_xLTx;Txxndx Gzz Tvt Cxlxmbxx;271534;271534;157823;2227629;8.203.867.656;1;0,581227397;8;2025
LLxMxDxRxz_xXPxRxxN_BxJx;Txxndx Gzz Tvt Cxlxmbxx;10584;10584;4423;94307;8.910.336.357;1;0,417894936;8;2025
LLxMxDxRxz_xXPxRxxN_MxDxx;Txxndx Gzz Tvt Cxlxmbxx;260171;260171;112314;2222238;8.541.451.584;1;0,431693002;8;2025
LLxMxDxRxz_L1;Txxndx Gzz Tvt Cxlxmbxx;723137;723137;344853;6488362;8.972.521.113;1;0,47688474;8;2025
LLxMxDxRxz_L2;Txxndx Gzz Tvt Cxlxmbxx;349595;302003;94792;2486930;8.234.785.747;0,86386533;0,313877677;8;2025
LLxMxDxRxz_L3_xNTxL;Txxndx Gzz Tvt Cxlxmbxx;177543;177543;61792;1843687;10.384.453.344;1;0,34803963;8;2025
LLxMxDxRxz_L4;Txxndx Gzz Tvt Cxlxmbxx;654527;654527;187683;5609701;8.570.618.172;1;0,286746001;8;2025
LLxMxDxRxz_TxCTxCx_xLTx;Txxndx Gzz Tvt Cxlxmbxx;132054;132054;82109;1456597;11.030.313.357;1;0,621783513;8;2025
FxBRx_RxPRxCxzx;Gzz CxLxMBxx;3419;3395;722;10725;3.159.057.437;0,992980404;0,212665685;8;2025
FxBRx_WxMxRz_CxMxNx;Gzz CxLxMBxx;175725;175725;88399;756970;4.307.696.685;1;0,503053066;8;2025
FxBRx_WxMxRz_xXxCTx;Gzz CxLxMBxx;36363;35784;18912;160736;4.491.839.928;0,984077221;0,528504359;8;2025
FxBRx_WxMxRz_xXxCTx_xzP;Gzz CxLxMBxx;3951;3848;2306;23040;5.987.525.988;0,97393065;0,599272349;8;2025
FxBRx_WxMxRz_LLxMxDxRxz;Gzz CxLxMBxx;21544;6468;1434;7892;1.220.160.792;0,3002228;0,221706865;8;2025
FxBRx_WxMxRz_PxRTxxT;Gzz CxLxMBxx;6437;6437;3152;21176;3.289.731.241;1;0,489669101;8;2025
FxBRx_WxMxRz_RxNCxGxx;Gzz CxLxMBxx;18612;18612;8399;67493;3.626.316.355;1;0,451267999;8;2025
LLxMxDxRxz_TxCTxCx_BxJx;Txxndx Gzz Tvt Cxlxmbxx;10777;10777;3916;104717;9.716.711.515;1;0,363366429;8;2025
LLxMxDxRxz_TxCTxCx_MxDxx;Txxndx Gzz Tvt Cxlxmbxx;45992;45992;17395;453083;9.851.343.712;1;0,378217951;8;2025
WxNBxCK_CxNzxMxR;Txxndx Gzz Tvt Cxlxmbxx;11784;11784;751;143455;12.173.710.115;1;0,063730482;8;2025
WxNBxCK_DxxDxRxz;Txxndx Gzz Tvt Cxlxmbxx;86688;86688;26125;880259;10.154.335.087;1;0,301368125;8;2025
WxNBxCK_xNTxL;Txxndx Gzz Tvt Cxlxmbxx;67158;67158;24907;681959;10.154.545.996;1;0,370871676;8;2025
WxNBxCK_MxVxzTxR;Txxndx Gzz Tvt Cxlxmbxx;43687;43687;19822;398301;9.117.151.555;1;0,453727654;8;2025
WxNBxCK_VTR;Txxndx Gzz Tvt Cxlxmbxx;7358;7358;1755;106374;14.456.917.641;1;0,238515901;8;2025
LLxMxDxRxz_xDxCxxNxL;Txxndx Gzz Tvt Cxlxmbxx;90221;90221;27142;529759;5.871.792.598;1;0,300839051;9;2025
LLxMxDxRxz_xDxCxxNxLxz;Txxndx Gzz Tvt Cxlxmbxx;86997;86997;48190;711961;8.183.741.968;1;0,553927147;9;2025
LLxMxDxRxz_xXPxRxxN_xLTx;Txxndx Gzz Tvt Cxlxmbxx;17919;17919;5337;264876;14.781.851.666;1;0,297840281;9;2025
LLxMxDxRxz_xXPxRxxN_BxJx;Txxndx Gzz Tvt Cxlxmbxx;1036;1036;165;13178;1.272.007.722;1;0,159266409;9;2025
LLxMxDxRxz_xXPxRxxN_MxDxx;Txxndx Gzz Tvt Cxlxmbxx;21120;21120;4761;259530;12.288.352.273;1;0,225426136;9;2025
LLxMxDxRxz_L1;Txxndx Gzz Tvt Cxlxmbxx;1085742;1085742;401581;9407277;8.664.376.067;1;0,369867795;9;2025
FxBRx_RxPRxCxzx;Gzz CxLxMBxx;31368;31368;15339;440154;14.031.943.382;1;0,48900153;9;2025
FxBRx_WxMxRz_CxMxNx;Gzz CxLxMBxx;161882;161882;63747;950527;5.871.727.555;1;0,393786832;9;2025
FxBRx_WxMxRz_xXxCTx;Gzz CxLxMBxx;34005;34005;13614;201360;5.921.482.135;1;0,400352889;9;2025
FxBRx_WxMxRz_xXxCTx_PxLxTx;Gzz CxLxMBxx;2804;2776;1403;25991;9.362.752.161;0,990014265;0,505403458;9;2025
FxBRx_WxMxRz_LxGxzTxCx;Gzz CxLxMBxx;2404;2404;696;24438;10.165.557.404;1;0,289517471;9;2025
FxBRx_WxMxRz_PxRTxxT;Gzz CxLxMBxx;6191;6191;2962;42383;6.845.905.346;1;0,47843644;9;2025
FxBRx_WxMxRz_RxNCxGxx;Gzz CxLxMBxx;20830;20830;6309;144463;6.935.333.653;1;0,302880461;9;2025
LLxMxDxRxz_L2;Txxndx Gzz Tvt Cxlxmbxx;523413;523413;151485;3981964;7.607.690.294;1;0,289417726;9;2025
LLxMxDxRxz_L3_xNTxL;Txxndx Gzz Tvt Cxlxmbxx;210842;210842;46293;2002083;9.495.655.515;1;0,219562516;9;2025
LLxMxDxRxz_L4;Txxndx Gzz Tvt Cxlxmbxx;1615614;1615614;382022;12968533;8.026.999.642;1;0,236456233;9;2025
LLxMxDxRxz_TxCTxCx_xLTx;Txxndx Gzz Tvt Cxlxmbxx;125342;125342;60901;1827169;14.577.468.047;1;0,485878636;9;2025
LLxMxDxRxz_TxCTxCx_BxJx;Txxndx Gzz Tvt Cxlxmbxx;14854;14854;4756;192875;12.984.717.921;1;0,320183116;9;2025
LLxMxDxRxz_TxCTxCx_MxDxx;Txxndx Gzz Tvt Cxlxmbxx;57240;57240;19926;719205;12.564.727.463;1;0,348113208;9;2025
WxNBxCK_CLxRx;Txxndx Gzz Tvt Cxlxmbxx;19857;19857;7404;185485;9.341.038.425;1;0,372865992;9;2025
WxNBxCK_CxNzxMxR;Txxndx Gzz Tvt Cxlxmbxx;11409;11409;820;195731;17.155.841.879;1;0,071873083;9;2025
WxNBxCK_DxxDxRxz;Txxndx Gzz Tvt Cxlxmbxx;92113;92113;24481;1033171;1.121.634.297;1;0,265771389;9;2025
WxNBxCK_xNTxL;Txxndx Gzz Tvt Cxlxmbxx;59907;59907;15447;801004;13.370.791.393;1;0,257849667;9;2025
WxNBxCK_MxVxzTxR;Txxndx Gzz Tvt Cxlxmbxx;42861;42861;12801;422787;9.864.142.227;1;0,29866312;9;2025
WxNBxCK_VTR;Txxndx Gzz Tvt Cxlxmbxx;6323;6323;1704;86512;13.682.112.921;1;0,26949233;9;2025
FxBRx_RxPRxCxzx;Gzz CxLxMBxx;87135;87135;20822;284633;3266574855;1;0.238962529;10;2025
FxBRx_WxMxRz_CHxRN;Gzz CxLxMBxx;9674;4250;1094;9536;2243764706;0.439321894;0.257411765;10;2025
FxBRx_WxMxRz_CxMxNx;Gzz CxLxMBxx;205389;205389;58007;570027;277535311;1;0.282425057;10;2025
FxBRx_WxMxRz_xXxCTx;Gzz CxLxMBxx;36428;36428;17415;216243;5936175469;1;0.478066323;10;2025
FxBRx_WxMxRz_LxGxzTxCx;Gzz CxLxMBxx;4097;4097;2109;31133;759897486;1;0.514766903;10;2025
FxBRx_WxMxRz_PxRTxxT;Gzz CxLxMBxx;14298;14298;8601;85990;601412785;1;0.601552665;10;2025
FxBRx_WxMxRz_RxNCxGxx;Gzz CxLxMBxx;23433;23433;6884;84029;3585925831;1;0.293773738;10;2025
LLxMxDxRxz_L1;Txxndx Gzz Tvt Cxlxmbxx;983608;983608;485847;6461298;6568976666;1;0.493943726;10;2025
LLxMxDxRxz_L2;Txxndx Gzz Tvt Cxlxmbxx;638461;397429;167402;1995811;5021805153;0.622479682;0.421212342;10;2025
LLxMxDxRxz_L3_xNTxL;Txxndx Gzz Tvt Cxlxmbxx;113994;113994;45969;844301;7406538941;1;0.403258066;10;2025
LLxMxDxRxz_L4;Txxndx Gzz Tvt Cxlxmbxx;1019076;1019076;317935;5277404;5178616708;1;0.311983601;10;2025
LLxMxDxRxz_TxCTxCx_xLTx;Txxndx Gzz Tvt Cxlxmbxx;149072;144002;91743;1637484;11371258733;0.965989589;0.637095318;10;2025
LLxMxDxRxz_TxCTxCx_BxJx;Txxndx Gzz Tvt Cxlxmbxx;65007;62945;32280;791634;12576598618;0.968280339;0.51282866;10;2025
LLxMxDxRxz_TxCTxCx_MxDxx;Txxndx Gzz Tvt Cxlxmbxx;33788;32766;19527;416798;12720441922;0.969752575;0.595953122;10;2025
WxNBxCK_CxNzxMxR;Txxndx Gzz Tvt Cxlxmbxx;11988;11988;712;192147;16028278278;1;0.059392726;10;2025
WxNBxCK_DxxDxRxz;Txxndx Gzz Tvt Cxlxmbxx;95658;95658;22561;928502;9706475151;1;0.235850635;10;2025
WxNBxCK_xNTxL;Txxndx Gzz Tvt Cxlxmbxx;68845;68845;17162;714215;10374246496;1;0.249284625;10;2025
WxNBxCK_MxVxzTxR;Txxndx Gzz Tvt Cxlxmbxx;43313;43313;18866;363745;8398056011;1;0.435573615;10;2025
WxNBxCK_VTR;Txxndx Gzz Tvt Cxlxmbxx;6807;6807;1261;99535;14622447481;1;0.185250477;10;2025
FxBRx_RxPRxCxzx;Gzz CxLxMBxx;152218;142247;27531;399614;2.809.296.505;0,934495263;0,193543625;11;2025
FxBRx_WxMxRz_CxMxNx;Gzz CxLxMBxx;133803;125126;35508;350311;2.799.665.937;0,935150931;0,283777952;11;2025
FxBRx_WxMxRz_xXxCTx;Gzz CxLxMBxx;36678;36332;14448;213211;5.868.408.015;0,990566552;0,397665969;11;2025
FxBRx_WxMxRz_LxGxzTxCx;Gzz CxLxMBxx;1913;1799;463;5437;3.022.234.575;0,940407737;0,257365203;11;2025
FxBRx_WxMxRz_PxRTxxT;Gzz CxLxMBxx;3243;3225;1351;17146;5.316.589.147;0,994449584;0,418914729;11;2025
FxBRx_WxMxRz_RxNCxGxx;Gzz CxLxMBxx;16365;15835;3114;42417;2.678.686.454;0,96761381;0,196652984;11;2025
WxNBxCK_FxBRx;Gzz CxLxMBxx;16836;6669;1560;18757;2.812.565.602;0,396115467;0,233918129;11;2025
WxNBxCK_FxBRx_xNVxLxNTxRxx;Gzz CxLxMBxx;8070;6152;876;12688;2.062.418.726;0,762329616;0,142392718;11;2025
WxNBxCK_FxBRx_PxLxTx;Gzz CxLxMBxx;10681;6605;1033;11123;1.684.027.252;0,618387791;0,156396669;11;2025
CRxzz_xzPxCxxL;Txxndx Gzz Tvt Cxlxmbxx;14868;14868;1781;45343;3.049.704.062;1;0,119787463;11;2025
LLxMxDxRxz;Txxndx Gzz Tvt Cxlxmbxx;194;194;119;924;4.762.886.598;1;0,613402062;11;2025
LLxMxDxRxz_CLxRx_xLTx;Txxndx Gzz Tvt Cxlxmbxx;405712;405712;192421;3615595;8.911.728.024;1;0,474279785;11;2025
LLxMxDxRxz_CLxRx_BxJx;Txxndx Gzz Tvt Cxlxmbxx;28672;28672;10738;233362;8.139.020.647;1;0,374511719;11;2025
LLxMxDxRxz_CLxRx_MxDxx;Txxndx Gzz Tvt Cxlxmbxx;48278;48278;18610;388330;8.043.622.354;1;0,385475786;11;2025
LLxMxDxRxz_xNTxL_xLTx;Txxndx Gzz Tvt Cxlxmbxx;78634;78634;34381;760746;9.674.517.384;1;0,437228171;11;2025
LLxMxDxRxz_xNTxL_BxJx;Txxndx Gzz Tvt Cxlxmbxx;772371;772371;256401;6257899;8.102.193.117;1;0,331966115;11;2025
LLxMxDxRxz_xNTxL_MxDxx;Txxndx Gzz Tvt Cxlxmbxx;125973;125973;49027;945050;7.502.004.398;1;0,389186572;11;2025
LLxMxDxRxz_GC;Txxndx Gzz Tvt Cxlxmbxx;39781;39781;14814;118960;2.990.372.288;1;0,372388829;11;2025
LLxMxDxRxz_MxVxzTxR_xLTx;Txxndx Gzz Tvt Cxlxmbxx;227555;227555;152923;1332419;5.855.371.229;1;0,672026543;11;2025
LLxMxDxRxz_MxVxzTxR_BxJx;Txxndx Gzz Tvt Cxlxmbxx;190195;190195;84667;1306601;6.869.796.788;1;0,445158916;11;2025
LLxMxDxRxz_MxVxzTxR_MxDxx;Txxndx Gzz Tvt Cxlxmbxx;173472;173472;104478;894109;5.154.197.796;1;0,602275872;11;2025
LLxMxDxRxz_xTRxz_xLTx;Txxndx Gzz Tvt Cxlxmbxx;67404;67404;22443;669407;9.931.265.207;1;0,332962435;11;2025
LLxMxDxRxz_xTRxz_BxJx;Txxndx Gzz Tvt Cxlxmbxx;12385;12385;2371;120040;9.692.369.802;1;0,19144126;11;2025
LLxMxDxRxz_xTRxz_MxDxx;Txxndx Gzz Tvt Cxlxmbxx;11299;11299;1894;112444;995.167.714;1;0,167625454;11;2025
LLxMxDxRxz_PxLxTx;Txxndx Gzz Tvt Cxlxmbxx;40008;40008;22985;429062;10.724.405.119;1;0,574510098;11;2025
LLxMxDxRxz_TxCTxCx_xLTx;Txxndx Gzz Tvt Cxlxmbxx;41785;40579;14696;90787;2.237.290.224;0,971137968;0,362157766;11;2025
LLxMxDxRxz_TxCTxCx_BxJx;Txxndx Gzz Tvt Cxlxmbxx;10704;10704;3164;46756;4.368.086.697;1;0,295590433;11;2025
LLxMxDxRxz_TxCTxCx_MxDxx;Txxndx Gzz Tvt Cxlxmbxx;6834;6834;2691;25781;3.772.461.223;1;0,393766462;11;2025
WxNBxCK_CxNzxMxR;Txxndx Gzz Tvt Cxlxmbxx;11569;11569;584;82949;71.699.369;1;0,05047973;11;2025
WxNBxCK_DxxDxRxz;Txxndx Gzz Tvt Cxlxmbxx;51840;51840;8711;272161;525.001.929;1;0,168036265;11;2025
WxNBxCK_xNTxL;Txxndx Gzz Tvt Cxlxmbxx;47351;47351;7405;266662;5.631.602.289;1;0,156385293;11;2025
WxNBxCK_LxB_DxxDx;Txxndx Gzz Tvt Cxlxmbxx;50889;50889;14122;327209;642.985.714;1;0,277505944;11;2025
WxNBxCK_MxVxzTxR;Txxndx Gzz Tvt Cxlxmbxx;29394;29394;9288;125804;4.279.921.072;1;0,315982854;11;2025
WxNBxCK_VTR;Txxndx Gzz Tvt Cxlxmbxx;5093;5093;723;36346;713.646.181;1;0,141959552;11;2025
FxBRx_RxPRxCxzx;Gzz CxLxMBxx;104734;104352;21547;568960;5.452.315.241;0,996352665;0,206483824;12;2025
FxBRx_WxMxRz_CxMxNx;Gzz CxLxMBxx;129541;128950;42801;704746;5.465.265.607;0,995437738;0,331919349;12;2025
FxBRx_WxMxRz_CxMxNx_PxLxTx;Gzz CxLxMBxx;13210;13210;4782;103179;7.810.673.732;1;0,361998486;12;2025
FxBRx_WxMxRz_xXxCTx;Gzz CxLxMBxx;33786;33685;13725;218922;6.499.094.552;0,997010596;0,407451388;12;2025
FxBRx_WxMxRz_PxRTxxT;Gzz CxLxMBxx;4939;4932;2054;28745;5.828.264.396;0,998582709;0,416463909;12;2025
FxBRx_WxMxRz_RxNCxGxx;Gzz CxLxMBxx;11117;11117;3624;77012;6.927.408.474;1;0,325987227;12;2025
WxNBxCK_FxBRx;Gzz CxLxMBxx;10968;9796;1611;37902;3.869.130.257;0,893143691;0,16445488;12;2025
WxNBxCK_FxBRx_xNVxLxNTxRxx;Gzz CxLxMBxx;7607;7321;813;24747;3.380.275.919;0,96240305;0,111050403;12;2025
WxNBxCK_FxBRx_PxLxTx;Gzz CxLxMBxx;7937;7099;1086;16963;2.389.491.478;0,894418546;0,152979293;12;2025
WxNBxCK_FxBRx_RxPRxCxzx;Gzz CxLxMBxx;5521;3341;559;9534;2.853.636.636;0,605143996;0,167315175;12;2025
LLxMxDxRxz_CLxRx_xLTx;Txxndx Gzz Tvt Cxlxmbxx;409956;409956;192554;4362951;10.642.486.023;1;0,469694309;12;2025
LLxMxDxRxz_CLxRx_BxJx;Txxndx Gzz Tvt Cxlxmbxx;32515;32515;11346;250924;7.717.176.688;1;0,34894664;12;2025
LLxMxDxRxz_CLxRx_MxDxx;Txxndx Gzz Tvt Cxlxmbxx;59200;59200;20047;462339;7.809.780.405;1;0,338631757;12;2025
LLxMxDxRxz_xNTxL_xLTx;Txxndx Gzz Tvt Cxlxmbxx;71106;71106;27949;787203;11.070.837.904;1;0,393061064;12;2025
LLxMxDxRxz_xNTxL_BxJx;Txxndx Gzz Tvt Cxlxmbxx;743526;743526;213721;5746835;7.729.164.817;1;0,287442537;12;2025
LLxMxDxRxz_xNTxL_MxDxx;Txxndx Gzz Tvt Cxlxmbxx;65506;65506;21580;481447;7.349.662.626;1;0,329435472;12;2025
LLxMxDxRxz_MxVxzTxR_xLTx;Txxndx Gzz Tvt Cxlxmbxx;211672;211672;126623;2096813;9.905.953.551;1;0,598203825;12;2025
LLxMxDxRxz_MxVxzTxR_BxJx;Txxndx Gzz Tvt Cxlxmbxx;164621;164621;58101;1205773;7.324.539.397;1;0,352937961;12;2025
LLxMxDxRxz_MxVxzTxR_MxDxx;Txxndx Gzz Tvt Cxlxmbxx;163764;163764;77314;1052381;6.426.204.782;1;0,472106202;12;2025
LLxMxDxRxz_xTRxz_xLTx;Txxndx Gzz Tvt Cxlxmbxx;49281;49281;16840;557120;11.304.965.402;1;0,341713845;12;2025
LLxMxDxRxz_xTRxz_BxJx;Txxndx Gzz Tvt Cxlxmbxx;13625;13625;2788;120111;8.815.486.239;1;0,204623853;12;2025
LLxMxDxRxz_xTRxz_MxDxx;Txxndx Gzz Tvt Cxlxmbxx;9232;9232;1386;81708;8.850.519.931;1;0,150129983;12;2025
LLxMxDxRxz_TxCTxCx_xLTx;Txxndx Gzz Tvt Cxlxmbxx;130755;130755;78405;1113216;8.513.754.732;1;0,599632901;12;2025
LLxMxDxRxz_TxCTxCx_BxJx;Txxndx Gzz Tvt Cxlxmbxx;166146;166146;76398;1449331;8.723.237.394;1;0,459824492;12;2025
LLxMxDxRxz_TxCTxCx_MxDxx;Txxndx Gzz Tvt Cxlxmbxx;74060;74060;43211;643095;8.683.432.352;1;0,583459357;12;2025
WxNBxCK_xDxLTxMxYxR;Txxndx Gzz Tvt Cxlxmbxx;14348;14091;6689;657162;46.637.002.342;0,982088096;0,474700163;12;2025
WxNBxCK_CLxRx;Txxndx Gzz Tvt Cxlxmbxx;19354;19354;5285;348867;18.025.576.108;1;0,273070166;12;2025
WxNBxCK_CxNzxMxR;Txxndx Gzz Tvt Cxlxmbxx;9050;9050;429;70250;7.762.430.939;1;0,047403315;12;2025
WxNBxCK_DxxDxRxz;Txxndx Gzz Tvt Cxlxmbxx;70164;70164;14746;460950;6.569.608.346;1;0,210164757;12;2025
WxNBxCK_xNTxL;Txxndx Gzz Tvt Cxlxmbxx;54196;54196;9699;351577;6.487.139.272;1;0,178961547;12;2025
WxNBxCK_MxVxzTxR;Txxndx Gzz Tvt Cxlxmbxx;35130;35130;12516;187425;5.335.183.604;1;0,356276687;12;2025
WxNBxCK_VTR;Txxndx Gzz Tvt Cxlxmbxx;5524;5524;1097;110881;20.072.592.324;1;0,19858798;12;2025
FxBRx_RxPRxCxzx;Gzz CxLxMBxx;152077;151663;23340;1019857;6.724.494.438;0,997277695;0,15389383;1;2026
FxBRx_WxMxRz_CxMxNx;Gzz CxLxMBxx;150527;150527;21857;468522;3.112.544.593;1;0,145203186;1;2026
FxBRx_WxMxRz_CxMxNx_PxLxTx;Gzz CxLxMBxx;19000;18865;4303;107544;5.700.715.611;0,992894737;0,228094355;1;2026
FxBRx_WxMxRz_xXxCTx;Gzz CxLxMBxx;34574;34574;9507;172534;4.990.281.715;1;0,274975415;1;2026
FxBRx_WxMxRz_MxT_CxMxNx;Gzz CxLxMBxx;79358;79358;6803;209785;2.643.526.803;1;0,085725447;1;2026
FxBRx_WxMxRz_MxT_xXxCTx;Gzz CxLxMBxx;11664;11664;1354;41186;3.531.035.665;1;0,116083676;1;2026
FxBRx_WxMxRz_PxRTxxT;Gzz CxLxMBxx;5395;5395;1621;21412;3.968.860.056;1;0,300463392;1;2026
FxBRx_WxMxRz_RxNCxGxx;Gzz CxLxMBxx;12484;12484;2949;51283;410.789.811;1;0,236222365;1;2026
WxNBxCK_FxBRx;Gzz CxLxMBxx;6026;4151;506;16919;4.075.885.329;0,688848324;0,121898338;1;2026
WxNBxCK_FxBRx_xNVxLxNTxRxx;Gzz CxLxMBxx;5615;5131;319;17231;3.358.214.773;0,913802315;0,062171117;1;2026
WxNBxCK_FxBRx_PxLxTx;Gzz CxLxMBxx;4925;4496;325;11968;2.661.921.708;0,912893401;0,072286477;1;2026
CxNzxMxR_BxzxNxzz;Txxndx Gzz Tvt Cxlxmbxx;35921;35921;17884;143362;3.991.035.884;1;0,497870327;1;2026
LLxMxDxRxz_CLxRx_xLTx;Txxndx Gzz Tvt Cxlxmbxx;564107;564107;146546;4470977;7.925.760.538;1;0,259784048;1;2026
LLxMxDxRxz_CLxRx_BxJx;Txxndx Gzz Tvt Cxlxmbxx;94418;94418;22052;696618;737.802.114;1;0,233557161;1;2026
LLxMxDxRxz_CLxRx_MxDxx;Txxndx Gzz Tvt Cxlxmbxx;80532;80532;23587;564178;7.005.637.511;1;0,292889783;1;2026
LLxMxDxRxz_xNTxL_xLTx;Txxndx Gzz Tvt Cxlxmbxx;105923;105923;25210;836714;7.899.266.448;1;0,238003078;1;2026
LLxMxDxRxz_xNTxL_BxJx;Txxndx Gzz Tvt Cxlxmbxx;1279223;1279223;276833;9023550;7.053.930.394;1;0,216407147;1;2026
LLxMxDxRxz_xNTxL_MxDxx;Txxndx Gzz Tvt Cxlxmbxx;209319;209319;54283;1390836;6.644.575.982;1;0,259331451;1;2026
LLxMxDxRxz_xzTRxTxGxx;Txxndx Gzz Tvt Cxlxmbxx;21;21;9;75;3.571.428.571;1;0,428571429;1;2026
LLxMxDxRxz_MxVxzTxR_xLTx;Txxndx Gzz Tvt Cxlxmbxx;287316;287316;89873;1877166;6.533.454.454;1;0,312801932;1;2026
LLxMxDxRxz_MxVxzTxR_BxJx;Txxndx Gzz Tvt Cxlxmbxx;333145;333145;80825;2225847;6.681.315.944;1;0,242612076;1;2026
LLxMxDxRxz_MxVxzTxR_MxDxx;Txxndx Gzz Tvt Cxlxmbxx;279843;279843;84302;1671079;5.971.487.584;1;0,301247485;1;2026
LLxMxDxRxz_xTRxz_xLTx;Txxndx Gzz Tvt Cxlxmbxx;60635;60635;12867;476841;7.864.121.382;1;0,212204173;1;2026
LLxMxDxRxz_xTRxz_BxJx;Txxndx Gzz Tvt Cxlxmbxx;23449;23449;3124;217281;9.266.109.429;1;0,133225297;1;2026
LLxMxDxRxz_xTRxz_MxDxx;Txxndx Gzz Tvt Cxlxmbxx;13751;13751;1752;118317;8.604.246.964;1;0,127408916;1;2026
LLxMxDxRxz_TxCTxCx_xLTx;Txxndx Gzz Tvt Cxlxmbxx;159054;159054;48804;1386094;8.714.612.647;1;0,306839187;1;2026
LLxMxDxRxz_TxCTxCx_BxJx;Txxndx Gzz Tvt Cxlxmbxx;44328;44328;7466;302405;6.821.986.104;1;0,168426277;1;2026
LLxMxDxRxz_TxCTxCx_MxDxx;Txxndx Gzz Tvt Cxlxmbxx;29286;29286;6315;182534;6.232.807.485;1;0,215632043;1;2026
LLxMxDxRxz_TRxNzxNxxN_xLTx;Txxndx Gzz Tvt Cxlxmbxx;20549;20549;5263;209556;10.197.868.509;1;0,256119519;1;2026
LLxMxDxRxz_TRxNzxNxxN_BxJx;Txxndx Gzz Tvt Cxlxmbxx;46575;46575;8171;356653;7.657.606.012;1;0,175437466;1;2026
LLxMxDxRxz_TRxNzxNxxN_MxDxx;Txxndx Gzz Tvt Cxlxmbxx;13666;13666;3198;92955;6.801.917.167;1;0,234011415;1;2026
WxNBxCK_CLxRx;Txxndx Gzz Tvt Cxlxmbxx;26300;26300;4052;167014;6.350.342.205;1;0,154068441;1;2026
WxNBxCK_CxNzxMxR;Txxndx Gzz Tvt Cxlxmbxx;11779;11779;609;123782;10.508.701.927;1;0,051702182;1;2026
WxNBxCK_DxxDxRxz;Txxndx Gzz Tvt Cxlxmbxx;100960;100960;13107;688725;6.821.761.094;1;0,129823693;1;2026
WxNBxCK_xNTxL;Txxndx Gzz Tvt Cxlxmbxx;56810;56810;7766;452517;7.965.446.224;1;0,136701285;1;2026
WxNBxCK_MxVxzTxR;Txxndx Gzz Tvt Cxlxmbxx;38430;38430;6624;264620;6.885.766.328;1;0,17236534;1;2026
WxNBxCK_PxLxTx;Txxndx Gzz Tvt Cxlxmbxx;100037;100037;21838;1139999;11.395.773.564;1;0,218299229;1;2026
WxNBxCK_VTR;Txxndx Gzz Tvt Cxlxmbxx;5579;5579;785;57929;10.383.402.043;1;0,14070622;1;2026
